"Treatment","Question","Answer"
"Braces & Aligners","How long does orthodontic treatment take? +","Treatment duration varies based on the complexity of the case. Minor corrections with aligners can take as little as 6 months. Comprehensive braces treatment typically ranges from 12 to 24 months. We provide a personalised estimated timeline at your first consultation."
"Braces & Aligners","Are braces or aligners painful? +","Both systems cause mild soreness for a few days after fitting or adjustment as teeth begin to move. This is entirely normal and temporary. Over-the-counter pain relief and a soft food diet during those periods are usually sufficient to manage any discomfort."
"Braces & Aligners","Can adults get braces or aligners? +","Absolutely. There is no age limit for orthodontic treatment. Clear aligners in particular have become very popular with adult patients due to their discreet appearance. The biology of tooth movement works at any age — treatment may simply take slightly longer in adults compared to growing teenagers."
"Braces & Aligners","Do I have to wear my aligners all day? +","Yes. Clear aligners need to be worn for 20–22 hours per day to be effective. They should only be removed for eating, drinking anything other than water, and for cleaning your teeth. Inconsistent wear will extend your treatment time and compromise results."
"Braces & Aligners","Will my teeth shift back after treatment? +","Without retention, yes — teeth have a natural tendency to drift back toward their original positions, especially in the first year after treatment. Consistent retainer wear as directed is what locks in your result permanently. This is why retention is as important as the active treatment itself."
"Cosmetic Dentistry","What are the benefits of cosmetic dentistry? +","Beyond a beautiful smile, cosmetic dentistry can improve your oral function, prevent future dental issues, and significantly boost your self-confidence and professional appearance."
"Cosmetic Dentistry","What cosmetic dental procedures are available? +","We offer a wide range of services including teeth whitening, porcelain veneers, composite bonding, gum contouring, and orthodontic aligners, depending on your individual goals."
"Cosmetic Dentistry","Is cosmetic dentistry painful? +","Most cosmetic procedures are minimally invasive. We use gentle techniques and local anesthesia when necessary to ensure you are comfortable throughout the process."
"Cosmetic Dentistry","How long do cosmetic dental procedures take? +","Timelines vary: teeth whitening can take an hour, while veneers typically require two visits. We will provide a detailed timeline during your initial consultation."
"Cosmetic Dentistry","How can I maintain my new smile after cosmetic treatment? +","Consistency is key. Maintain excellent home hygiene, attend regular professional cleanings, and avoid habits that can stain or chip your new restorations."
"Crowns & Bridges","How long do crowns and bridges last? +","With proper care, dental crowns and bridges typically last 10–15 years or longer. Their longevity depends on the material used, your bite forces, and how consistently you maintain good oral hygiene and attend regular check-ups."
"Crowns & Bridges","Is the procedure painful? +","Tooth preparation for a crown is carried out under local anesthesia, so you should feel nothing beyond mild pressure during the procedure. Any post-procedure sensitivity is typically mild and resolves within a few days. We ensure your comfort throughout every stage."
"Crowns & Bridges","What is the difference between a crown and a veneer? +","A veneer covers only the front surface of a tooth and is used primarily for cosmetic improvement. A crown covers the entire tooth, providing structural protection and full restoration of function. Crowns require more tooth reduction but are far more durable and appropriate for significantly damaged teeth."
"Crowns & Bridges","Can a crowned tooth still get a cavity? +","The crown itself cannot decay, but the natural tooth underneath it can — particularly at the margin (edge) where the crown meets the gum line. This is why brushing properly around the base of the crown and attending regular check-ups is so important."
"Crowns & Bridges","Why might I need a crown after a root canal? +","Root canal treatment removes the pulp that supplies the tooth with nutrients, leaving the tooth more brittle over time. A crown encases the treated tooth, distributing bite forces evenly and preventing it from cracking under normal chewing pressure. It is the standard of care for root canal treated back teeth."
"Crowns & Bridges","Is a bridge or a dental implant better for a missing tooth? +","Both are excellent options. An implant is generally considered the gold standard — it replaces the root, preserves bone, and does not affect adjacent teeth. A bridge avoids surgery and is placed faster. We will assess your bone health, budget, and timeline and recommend the best solution for your specific situation."
"Dental Decay Analysis","What is dental decay analysis? +","A comprehensive diagnostic process using visual examination, X-rays, and specialized tools to identify early signs of tooth decay and assess your enamel health."
"Dental Decay Analysis","Why is dental decay analysis necessary? +","Early detection is the most effective way to preserve your natural teeth and avoid invasive treatments like root canals or extractions."
"Dental Decay Analysis","What are the signs of dental decay? +","Common signs include sensitivity, pain when eating, visible pits, and localized dark spots or discoloration on the teeth."
"Dental Decay Analysis","How is dental decay analysis performed? +","We use a combination of digital intraoral exams, high-resolution X-rays, and thorough clinical inspection to map your complete oral health profile."
"Dental Decay Analysis","What happens after dental decay analysis? +","We provide a detailed health report and a personalized root-cause treatment plan, focusing on both immediate repairs and long-term prevention."
"Dental Decay Analysis","How can I prevent dental decay? +","By consistent oral hygiene, regular cleanings, a balanced diet, and ensuring you get adequate fluoride protection through approved products."
"Dental Implants","Is the implant procedure painful? +","The procedure is performed under local anesthesia, so you should feel no pain during the surgery itself — only mild pressure. Most patients are surprised by how manageable the recovery is. Post-operative soreness typically responds well to standard over-the-counter pain relief and resolves within a few days."
"Dental Implants","How long does the entire process take? +","The complete process from implant placement to final crown typically takes 3–6 months, with most of that time being the osseointegration healing phase rather than active treatment. Cases requiring bone grafting may take longer. While it is a journey, the end result is a permanent, lifetime solution."
"Dental Implants","Am I a good candidate for dental implants? +","Most healthy adults with adequate jawbone are good candidates. Key factors include good general health, sufficient bone density to support the implant, and healthy gums free of active periodontal disease. In cases of bone loss, a bone grafting procedure can often make implants possible. We will assess your suitability comprehensively at your consultation."
"Dental Implants","How long do dental implants last? +","The implant fixture itself can last a lifetime with proper oral hygiene and regular dental visits. The crown placed on top may need to be replaced after 10–15 years due to normal wear. Overall, implants have the longest lifespan of any tooth replacement option available today."
"Dental Implants","Can the body reject a dental implant? +","True rejection — as seen with organ transplants — does not occur with titanium implants because titanium is bioinert and does not trigger an immune response. However, implant failure can occur due to infection, poor bone integration, or excessive bite forces. This is why selecting a skilled clinician and following aftercare instructions are so important."
"Dental Implants","Can I get an implant for multiple missing teeth? +","Absolutely. Multiple individual implants can replace multiple missing teeth independently. For patients missing all or most of their teeth, implant-supported bridges or implant-supported dentures (using as few as 4 strategically placed implants) can restore an entire arch — fixed and permanently stable."
"Dental Implants","How do I care for my implant long-term? +","Caring for an implant is very similar to caring for a natural tooth — brush, floss, and attend regular dental check-ups. Avoid smoking, and let us know if you grind your teeth so we can arrange appropriate protection. With this routine, your implant can serve you for decades without issues."
"Dentures","How long does it take to get dentures? +","The process typically takes 3–5 appointments spread over a few weeks. This includes impressions, a trial fitting, fabrication by the lab, and the final delivery appointment. We work efficiently to minimize the time you spend without teeth."
"Dentures","Are dentures permanent? +","Dentures are removable appliances, not permanently fixed. However, implant-supported dentures are an option for those who prefer a fixed solution. Standard removable dentures typically need to be relined or replaced every 5–7 years as the shape of the jaw changes over time."
"Dentures","Will dentures affect how I speak or eat? +","There is usually a brief adjustment period of 2-4 weeks. Eating and speaking may feel slightly different at first, but most patients adapt quickly. Eating soft foods initially and practicing speaking aloud can significantly speed up the process."
"Dentures","Do dentures look natural? +","Modern dentures are custom-crafted to closely match the color, shape, and size of natural teeth. They are designed to complement your facial features and age, so most people cannot tell the difference. We take careful measurements and shade matching to ensure the most natural result possible."
"Dentures","Do I need to sleep with my dentures in? +","It is generally recommended to remove dentures at night to give your gum tissue time to rest and recover. Wearing dentures 24 hours a day can increase the risk of gum irritation and accelerate bone loss. We will advise based on your specific case."
"Dentures","How do I know if my dentures need to be relined or replaced? +","If your dentures start feeling loose, shifting when you chew or speak, or causing soreness, it is a sign the fit needs adjustment. This is normal — your jawbone changes shape over time. Regular check-ups allow us to catch these changes early and reline or replace your denture before problems worsen."
"Full Mouth TMJ X-Ray","Why do I need a full mouth X-ray? +","It provides a comprehensive view of your entire oral cavity, including teeth, jaws, and bone structure, allowing dentists to detect issues like impacted teeth, cysts, tumors, and bone loss that standard X-rays might miss."
"Full Mouth TMJ X-Ray","Is a full mouth X-ray safe? +","Yes, modern digital panoramic X-rays use extremely low levels of radiation. We follow all safety protocols to ensure minimal exposure."
"Full Mouth TMJ X-Ray","How long does it take to get a full mouth X-ray? +","The actual imaging process takes only about 10–20 seconds. The entire appointment, including preparation, usually lasts under 10 minutes."
"Full Mouth TMJ X-Ray","Is there any special preparation required? +","No special preparation is needed. However, you will be asked to remove any metal objects such as jewelry, eyeglasses, or hairpins from the head and neck area as they can interfere with the image."
"Full Mouth TMJ X-Ray","How often should I get a full mouth X-ray? +","The frequency depends on your specific oral health needs and treatment plan. Generally, they are taken once every 3–5 years for screening, or more frequently for active orthodontic or implant cases."
"Full Mouth TMJ X-Ray","What is a TMJ X-ray? +","A TMJ X-ray is a specialized radiograph that focuses specifically on the joint connecting your jaw to your skull, helping to visualize its position, condition, and movement."
"Full Mouth TMJ X-Ray","Why do I need a TMJ X-ray? +","It is clinically indicated if you experience symptoms like chronic jaw pain, clicking or popping sounds while chewing, or difficulty opening your mouth wide."
"Full Mouth TMJ X-Ray","Is a TMJ X-ray safe? +","Yes, much like panoramic X-rays, TMJ radiographs use minimal digital radiation and are a safe diagnostic standard in dentistry."
"Full Mouth TMJ X-Ray","How long does it take to get a TMJ X-ray? +","The procedure is quick, typically taking less than 15 minutes to capture images in both the open and closed jaw positions."
"Home Care Dentistry","What treatments can be done at home?","We can perform comprehensive diagnostic check-ups, scaling and polishing, simple extractions, denture adjustments, and preventive care. More complex surgical procedures may still require a clinic visit."
"Home Care Dentistry","How do I book a home visit?","You can book by calling our central helpline or using the contact form on this website. Our team will conduct a brief screening to understand your needs and schedule a visit."
"Home Care Dentistry","Is home care safe and hygienic?","Absolutely. We follow strict sterilization protocols and bring single-use, disposable items wherever possible. Our portable equipment is sanitized before and after every visit."
"Laser Dentistry","Is laser dentistry safe? +","Yes, laser dentistry is a well-established, FDA-approved technology that has been used in clinical practice for decades. When performed by trained professionals, it is extremely safe and offers numerous advantages over traditional methods."
"Laser Dentistry","Does laser dentistry hurt? +","Most patients find laser procedures significantly more comfortable than traditional treatments. Many laser procedures require little to no anesthesia, and patients experience less post-procedure discomfort and swelling."
"Laser Dentistry","What dental conditions can be treated with lasers? +","Laser dentistry can be used for a wide range of treatments including gum disease treatment, cavity removal, teeth whitening, gum reshaping, biopsy, removal of lesions or ulcers, and treating tooth sensitivity. Our team will advise whether laser treatment is suitable for your specific condition."
"Laser Dentistry","Is laser dentistry suitable for children? +","Yes, laser dentistry can be particularly beneficial for pediatric patients as it is less intimidating than traditional drills, reduces the need for anesthesia, and minimizes pain and anxiety during procedures."
"Laser Dentistry","How long does a laser dental procedure take? +","Laser procedures are often faster than their traditional counterparts. The exact duration depends on the type and complexity of the treatment, but many procedures can be completed in a single, shorter appointment."
"Laser Dentistry","Does insurance cover laser dentistry? +","Coverage varies by insurance provider and plan. Since laser dentistry is used for many of the same procedures covered by traditional methods, it may be partially or fully covered. We recommend checking with your insurance provider, and our team is happy to assist with any questions."
"Microscopic Dentistry","Which procedures benefit from a microscope? +","The microscope is invaluable for root canal therapy, early decay detection, restorative work like crowns and veneers, and high-precision aesthetic treatments."
"Microscopic Dentistry","Does microscopic dentistry take longer? +","While the setup might take a few moments longer, the precision often streamlines the procedure and can lead to fewer follow-up visits due to the high initial accuracy."
"Microscopic Dentistry","Is there any extra discomfort? +","Not at all. In fact, many patients find it easier because the targeted approach often results in a more comfortable experience and faster healing."
"Mouth Ulcers","Are mouth ulcers contagious? +","Common aphthous mouth ulcers (canker sores) are not contagious — you cannot pass them to someone else through contact. However, cold sores caused by the herpes simplex virus are contagious, so it's important to distinguish between the two."
"Mouth Ulcers","How long do mouth ulcers typically last? +","Most minor mouth ulcers heal on their own within 1–2 weeks without any treatment. Major ulcers can take up to 4–6 weeks. If your ulcer persists beyond two weeks or keeps recurring frequently, it's important to see a dentist for evaluation."
"Mouth Ulcers","When should I see a dentist for a mouth ulcer? +","You should seek professional advice if the ulcer does not heal within two weeks, if you develop unusually large or painful ulcers, if you experience frequent recurrences, or if the ulcer is accompanied by fever, difficulty swallowing, or other systemic symptoms."
"Mouth Ulcers","Can nutritional supplements help prevent mouth ulcers? +","Yes. If deficiencies in iron, vitamin B12, or folic acid are identified as a contributing factor, targeted supplementation can significantly reduce the frequency and severity of mouth ulcers. We can recommend a blood test to check your levels."
"Mouth Ulcers","What is the difference between a mouth ulcer and a cold sore? +","Mouth ulcers (canker sores) appear inside the mouth on soft tissue and are not caused by a virus. Cold sores (fever blisters) are caused by the herpes simplex virus, typically appear on or around the outside of the lips, and are contagious. A dentist can help distinguish between the two."
"Mouth Ulcers","Can children get mouth ulcers? +","Yes, mouth ulcers are common in children and teenagers. They can be caused by the same factors as in adults — minor injuries, stress, certain foods, or nutritional deficiencies. Persistent or unusually painful ulcers in children should be evaluated by a dental professional."
"Pediatric Dentistry","At what age should children start seeing a pediatric dentist? +","The American Academy of Pediatric Dentistry recommends that a child visit the dentist by their 1st birthday or within six months after their first tooth erupts."
"Pediatric Dentistry","What services do pediatric dentists offer? +","We provide a full range of services including cleanings, fluoride treatments, sealants, fillings, orthodontic evaluations, and specialized care for children with special needs."
"Pediatric Dentistry","How often should children visit the dentist? +","Most children should visit the dentist every six months for regular check-ups and cleanings to maintain optimal oral health."
"Pediatric Dentistry","How can I prepare my child for a dental visit? +","Talk about the visit in a positive way, read books about going to the dentist, and explain what will happen using simple, non-threatening language."
"Pediatric Dentistry","Is it normal for children to be afraid of the dentist? +","Yes, it is very common. Our team is trained to use gentle ""Tell-Show-Do"" techniques and behavioral management to help your child feel comfortable and safe."
"Pediatric Dentistry","Can pediatric dentists provide care for children with special needs? +","Absolutely. Pediatric dentists have additional specialized training to care for children with various physical, developmental, or behavioral needs."
"Pediatric Dentistry","How can parents promote good oral hygiene habits? +","Lead by example, brush together, limit sugary snacks, and use fluoride toothpaste as recommended for your child's age."
"Root Canal Treatment","Is root canal treatment painful? +","One of the most common misconceptions in dentistry. The procedure itself is performed under local anesthesia and is generally comfortable. What root canal treatment actually does is relieve the severe pain caused by an infected pulp."
"Root Canal Treatment","How many visits does root canal treatment require? +","Most root canals can be completed in one to two appointments. The first visit involves cleaning out the infection and shaping the canal. The second visit (if needed) involves sealing it permanently. Crown placement is then arranged as a separate appointment."
"Root Canal Treatment","Why can't I just extract the tooth instead? +","While extraction is an option, keeping your natural tooth is always preferable. Missing teeth can cause neighboring teeth to shift, bone loss in the jaw, and affect your bite and appearance. A root canal treated tooth with a crown can last for decades — often a lifetime."
"Root Canal Treatment","What happens if I leave an infected tooth untreated? +","An untreated tooth infection will not heal on its own. The bacteria can spread to the surrounding bone, neighboring teeth, and even into the bloodstream in severe cases. Early treatment is always safer, more comfortable, and less expensive."
"Root Canal Treatment","Do I need a crown after root canal treatment? +","For back teeth (molars and premolars) that bear heavy chewing forces, a crown is strongly recommended to prevent the tooth from fracturing. For front teeth, a crown may not always be required, and we will advise you based on your specific situation."
"Root Canal Treatment","Can a root canal treated tooth get infected again? +","While uncommon, re-infection can occur if the seal breaks down or bacteria find a new pathway. This is why protecting the tooth with a crown and attending regular check-ups is so important. In rare cases, a retreatment procedure may be needed."
"Root Canal Treatment","How long does recovery take after root canal treatment? +","Most people feel back to normal within a few days. Mild sensitivity or soreness for 2–4 days is normal and manageable with over-the-counter pain relievers. You can typically return to your daily routine the very same day as the procedure."
"Smile Makeover","How long does a smile makeover take? +","The timeline depends on which treatments are included. A simple makeover involving whitening and bonding can be completed in a few weeks. More comprehensive plans involving implants or orthodontics may take 6–18 months. We outline a clear timeline at your planning consultation."
"Smile Makeover","Is a smile makeover painful? +","Each individual treatment within the makeover is carried out with appropriate anesthesia and care to ensure your comfort. Some procedures may cause mild post-treatment sensitivity, which is temporary. We will guide you through what to expect at each stage."
"Smile Makeover","How do I know which treatments I need? +","This is decided collaboratively during your smile consultation. We assess your oral health, discuss your aesthetic goals, use digital smile design to preview options, and then recommend the most appropriate combination of treatments — prioritising what will deliver the most meaningful improvement for you."
"Smile Makeover","How long do the results last? +","With proper care, most makeover components last many years. Porcelain veneers and crowns typically last 10–15 years; tooth bonding 5–7 years; implants can last a lifetime. Consistent oral hygiene and regular dental check-ups are the key to maximising longevity."
"Smile Makeover","Can I see what my smile will look like before treatment? +","Absolutely. We use Digital Smile Design to create a visual preview of your proposed new smile before any treatment begins. This ensures you are fully aligned with the outcome, and allows us to make refinements to design until it is exactly right for you."
"Specially Abled Dentistry","What is dentistry for specially-abled individuals?","It is specialized dental care that adapts traditional procedures to the specific physical, cognitive, and sensory needs of the patient to ensure comfort and effectiveness."
"Specially Abled Dentistry","What adjustments are made to dental care?","Adjustments include sensory-friendly lighting/sound, specialized communication styles, modified clinical positions, and flexible scheduling to reduce stress."
"Specially Abled Dentistry","What kind of sedation options are available?","We offer a range of options from conscious sedation to deeper relaxation protocols, depending on the patient's medical history and comfort level."
"Specially Abled Dentistry","How do you communicate with patients who have challenges?","Our team is trained in non-verbal communication, visual aids, and ""Tell-Show-Do"" techniques to build trust and eliminate fear during the visit."
"Teeth Whitening","Is teeth whitening safe for my enamel? +","Yes, professional whitening is safe when performed under dental supervision. Our clinical gels are designed to be effective without damaging the tooth structure."
"Teeth Whitening","How many shades whiter can my teeth get? +","Results vary depending on the type of staining and individual genetics, but most patients see an improvement of 4 to 8 shades after a single professional session."
"Teeth Whitening","Does whitening work on crowns or fillings? +","Whitening treatments only affect natural tooth structure. They will not change the color of existing crowns, veneers, or composite fillings."
"Teeth Whitening","How long do the results last? +","With good hygiene and minimal staining habits, professional whitening results can last from 6 months up to 2 years before a touch-up is needed."
"Tooth-Colored Fillings","When can we have food? + If the treatment is done using GIC (Glass Ionomer Cement), then you can have food after 45 - 1 hour after the treatment. However, if the treatment is done using composite resin, then you can have food after 15 minutes of the treatment. How long do these fillings last? + With good oral hygiene, composite fillings typically last 7-10 years. Regular checkups allow us to monitor their integrity. Will the color change over time? +","Our high-quality resins are highly resistant to staining, though they may gradually dull over many years, just like natural enamel."
"Tooth-Colored Fillings","How long do tooth-colored fillings last? +","Tooth-colored fillings can last for several years if they are well-cared for and maintained properly. However, they may need to be replaced over time as they wear down or become damaged."
"Tooth-Colored Fillings","Are tooth-colored fillings more expensive than metal fillings? +","Tooth-colored fillings may be slightly more expensive than traditional metal fillings, but many patients find that the natural appearance of tooth-colored fillings is worth the extra cost."
"Tooth-Colored Fillings","Is the procedure for getting a tooth-colored filling painful? +","The procedure for getting a tooth-colored filling is generally not painful, although some patients may experience mild discomfort or sensitivity during the process. We will use local anesthesia to numb the area before starting the procedure."
"Tooth-Colored Fillings","Can tooth-colored fillings stain or discolor over time? +","Tooth-colored fillings may discolor or stain over time, especially if you consume a lot of coffee, tea, or other foods and drinks that can stain teeth. Your dentist can help you find ways to maintain the appearance of your fillings and keep them looking their best."
"Tooth-Colored Fillings","How long does it take to get a tooth-colored filling? +","The process for getting a tooth-colored filling typically takes about an hour, although this can vary depending on the size and location of the cavity. We will give you an estimate of how long the procedure will take before starting."
"Wheelchair Accessible Dentistry","Does your clinic have a wheelchair recliner dental chair?","Yes, we have specialized wheelchair recliner arrangements at all our clinics to ensure every patient receives the care they need comfortably."
"Wheelchair Accessible Dentistry","What is a wheelchair recliner dental chair?","It is a specialized clinical unit that allows a patient's wheelchair to be securely positioned and reclined for dental work, eliminating the need for a chair transfer."
"Wheelchair Accessible Dentistry","Is there an additional cost to use this chair?","No, providing accessible care is part of our commitment to all patients. There is no additional fee for utilizing our wheelchair-accessible facilities."
"Wheelchair Accessible Dentistry","Will it affect the quality of my dental care?","On the contrary, it often improves the quality of care by ensuring the patient is stable, comfortable, and properly positioned for the dentist to work with maximum precision."
"Wisdom Teeth Removal","Is wisdom teeth removal painful? +","The procedure is performed under local or general anesthesia, so you should not feel pain during the extraction. Afterward, some soreness, swelling, and mild discomfort are normal and can be managed effectively with prescribed pain medication and ice packs."
"Wisdom Teeth Removal","How long does recovery take? +","Most people feel significantly better within 3–5 days. Full healing of the extraction sites typically takes about 1–2 weeks. Following post-care instructions closely — such as resting, maintaining a soft diet, and avoiding straws — helps ensure a smooth recovery."
"Wisdom Teeth Removal","Do all wisdom teeth need to be removed? +","Not necessarily. If your wisdom teeth are fully erupted, properly positioned, and don't cause any issues with spacing or hygiene, they may not need removal. However, impacted, partially erupted, or misaligned wisdom teeth often require extraction to prevent complications."
"Wisdom Teeth Removal","What happens if I don't remove impacted wisdom teeth? +","Leaving impacted wisdom teeth untreated can lead to recurring infections, damage to neighboring teeth, cyst formation, jawbone deterioration, and increased difficulty with extraction later. Early removal is generally safer and involves a faster recovery."
"Wisdom Teeth Removal","What should I eat after wisdom teeth removal? +","Stick to soft foods like yogurt, mashed potatoes, smoothies, soups, and scrambled eggs for the first few days. Gradually introduce semi-soft foods as you heal. Avoid crunchy, hard, spicy, or very hot foods, and do not use straws as the suction can disturb the healing process."
"Wisdom Teeth Removal","At what age should wisdom teeth be removed? +","Wisdom teeth typically begin emerging between the ages of 17 and 25. Removal is often easier and recovery faster in younger patients because the roots haven't fully developed. However, wisdom teeth can be removed at any age if they're causing problems."